cenario,algoritmo,tempo_ms,nos_expandidos,custo_caminho,sem_caminho
Pequeno / poucas paredes,A*,0.272,49.9,14,0
Pequeno / poucas paredes,Gulosa,0.094,17.8,15.27,0
Pequeno / muitas paredes,A*,0.139,33.0,13.62,4
Pequeno / muitas paredes,Gulosa,0.092,18.0,14.38,4
Medio / poucas paredes,A*,1.026,213.6,34.87,0
Medio / poucas paredes,Gulosa,0.217,41.2,37.6,0
Medio / muitas paredes,A*,1.09,250.3,46.73,4
Medio / muitas paredes,Gulosa,0.49,100.7,54.88,4
Grande / poucas paredes,A*,3.702,796.8,72.53,0
Grande / poucas paredes,Gulosa,0.471,82.9,78.53,0
Grande / muitas paredes,A*,2.688,615.3,73,4
Grande / muitas paredes,Gulosa,0.649,135.6,88.15,4
